{
  "baseline": {
    "test_acc": 0.9759036144578314,
    "test_macro_f1": 0.9501335113484646,
    "test_auc_covid": 0.9949265687583446,
    "confusion_matrix": [
      [
        32,
        3
      ],
      [
        3,
        211
      ]
    ],
    "n_features": 2000
  },
  "geneformer": {
    "test_acc": 0.9838709677419355,
    "test_macro_f1": 0.9675052410901468,
    "test_auc_covid": 0.9945003353454058,
    "confusion_matrix": [
      [
        34,
        1
      ],
      [
        3,
        210
      ]
    ]
  },
  "id_class_dict": {
    "0": "Healthy",
    "1": "COVID-19"
  },
  "n_test": 248
}