{
  "training_curve": {
    "train_epoch": [
      0.10040160642570281,
      0.20080321285140562,
      0.30120481927710846,
      0.40160642570281124,
      0.5020080321285141,
      0.6024096385542169,
      0.7028112449799196,
      0.8032128514056225,
      0.9036144578313253,
      1.0040160642570282,
      1.104417670682731,
      1.2048192771084338,
      1.3052208835341366,
      1.4056224899598393,
      1.5060240963855422,
      1.606425702811245,
      1.7068273092369477,
      1.8072289156626506,
      1.9076305220883534,
      2.0080321285140563,
      2.108433734939759,
      2.208835341365462,
      2.3092369477911645,
      2.4096385542168677,
      2.5100401606425704,
      2.610441767068273,
      2.710843373493976,
      2.8112449799196786,
      2.9116465863453813,
      3.0120481927710845,
      3.112449799196787,
      3.21285140562249,
      3.3132530120481927,
      3.4136546184738954,
      3.5140562248995986,
      3.6144578313253013,
      3.714859437751004,
      3.8152610441767068,
      3.9156626506024095
    ],
    "train_loss": [
      0.7676,
      0.6339,
      0.4653,
      0.4398,
      0.3981,
      0.3236,
      0.2588,
      0.2784,
      0.2897,
      0.1983,
      0.2889,
      0.1834,
      0.1787,
      0.164,
      0.2095,
      0.1795,
      0.1693,
      0.2282,
      0.0718,
      0.1831,
      0.0901,
      0.0662,
      0.0477,
      0.092,
      0.0813,
      0.0809,
      0.0979,
      0.0668,
      0.061,
      0.1568,
      0.0196,
      0.0426,
      0.0305,
      0.0594,
      0.1069,
      0.048,
      0.0732,
      0.0259,
      0.0579
    ],
    "eval_epoch": [
      1.0,
      2.0,
      3.0,
      4.0
    ],
    "eval_loss": [
      0.3078414499759674,
      0.16968543827533722,
      0.13958413898944855,
      0.12821462750434875
    ],
    "eval_acc": [
      0.9036144578313253,
      0.9558232931726908,
      0.9718875502008032,
      0.9759036144578314
    ],
    "eval_f1": [
      0.7585649644473174,
      0.9136643026004728,
      0.9396405443778786,
      0.9512910798122065
    ]
  }
}